private_key,amount,lockamount
0xfe93491ae5,0.00000003-0.00000005,0.02
